index,subscribe
40211,no
40212,no
40213,no
40214,no
40215,yes
40216,no
40217,no
40218,yes
40219,no
40220,no
40221,no
40222,no
40223,no
40224,no
40225,no
40226,no
40227,no
40228,no
40229,no
40230,no
40231,no
40232,no
40233,no
40234,no
40235,no
40236,no
40237,no
40238,no
40239,no
40240,no
40241,no
40242,no
40243,no
40244,no
40245,no
40246,no
40247,no
40248,no
40249,no
40250,no
40251,no
40252,no
40253,no
40254,no
40255,no
40256,no
40257,no
40258,no
40259,no
40260,no
40261,no
40262,no
40263,no
40264,yes
40265,no
40266,no
40267,no
40268,no
40269,no
40270,no
40271,no
40272,no
40273,no
40274,no
40275,no
40276,yes
40277,no
40278,no
40279,no
40280,no
40281,no
40282,no
40283,no
40284,no
40285,no
40286,no
40287,no
40288,no
40289,no
40290,no
40291,no
40292,no
40293,no
40294,no
40295,no
40296,no
40297,no
40298,no
40299,no
40300,no
40301,no
40302,no
40303,no
40304,no
40305,no
40306,no
40307,no
40308,no
40309,no
40310,no
40311,no
40312,no
40313,no
40314,no
40315,no
40316,no
40317,no
40318,no
40319,no
40320,no
40321,no
40322,no
40323,no
40324,no
40325,no
40326,no
40327,no
40328,no
40329,no
40330,no
40331,no
40332,no
40333,no
40334,no
40335,no
40336,no
40337,yes
40338,no
40339,no
40340,no
40341,no
40342,yes
40343,no
40344,no
40345,no
40346,no
40347,yes
40348,no
40349,no
40350,no
40351,no
40352,no
40353,no
40354,no
40355,no
40356,no
40357,no
40358,no
40359,no
40360,no
40361,no
40362,no
40363,no
40364,no
40365,no
40366,no
40367,no
40368,no
40369,no
40370,yes
40371,no
40372,no
40373,no
40374,no
40375,no
40376,no
40377,no
40378,no
40379,no
40380,yes
40381,no
40382,no
40383,no
40384,no
40385,no
40386,no
40387,no
40388,no
40389,no
40390,no
40391,no
40392,no
40393,no
40394,no
40395,no
40396,no
40397,no
40398,yes
40399,no
40400,no
40401,no
40402,no
40403,no
40404,no
40405,no
40406,no
40407,no
40408,no
40409,no
40410,no
40411,no
40412,no
40413,no
40414,no
40415,no
40416,no
40417,yes
40418,no
40419,no
40420,no
40421,no
40422,no
40423,no
40424,no
40425,no
40426,no
40427,no
40428,no
40429,no
40430,no
40431,no
40432,no
40433,no
40434,yes
40435,no
40436,no
40437,no
40438,no
40439,no
40440,no
40441,no
40442,no
40443,no
40444,no
40445,no
40446,no
40447,no
40448,no
40449,no
40450,no
40451,yes
40452,no
40453,no
40454,no
40455,no
40456,no
40457,no
40458,no
40459,no
40460,no
40461,yes
40462,no
40463,no
40464,no
40465,no
40466,yes
40467,no
40468,no
40469,no
40470,no
40471,no
40472,no
40473,no
40474,no
40475,no
40476,no
40477,no
40478,no
40479,no
40480,no
40481,no
40482,no
40483,no
40484,no
40485,no
40486,no
40487,no
40488,no
40489,no
40490,no
40491,no
40492,no
40493,no
40494,no
40495,yes
40496,no
40497,no
40498,no
40499,yes
40500,no
40501,no
40502,no
40503,no
40504,no
40505,yes
40506,no
40507,no
40508,no
40509,no
40510,no
40511,no
40512,no
40513,no
40514,no
40515,no
40516,no
40517,no
40518,no
40519,no
40520,no
40521,no
40522,no
40523,no
40524,yes
40525,no
40526,yes
40527,no
40528,no
40529,no
40530,no
40531,no
40532,no
40533,no
40534,no
40535,no
40536,no
40537,no
40538,no
40539,no
40540,no
40541,no
40542,no
40543,no
40544,no
40545,no
40546,no
40547,no
40548,no
40549,no
40550,no
40551,no
40552,no
40553,no
40554,yes
40555,no
40556,no
40557,no
40558,no
40559,no
40560,no
40561,no
40562,no
40563,no
40564,no
40565,no
40566,no
40567,no
40568,no
40569,no
40570,no
40571,no
40572,no
40573,no
40574,no
40575,no
40576,no
40577,no
40578,no
40579,no
40580,no
40581,no
40582,no
40583,no
40584,no
40585,no
40586,no
40587,no
40588,no
40589,no
40590,yes
40591,no
40592,no
40593,no
40594,no
40595,no
40596,no
40597,no
40598,no
40599,no
40600,no
40601,no
40602,no
40603,no
40604,no
40605,no
40606,no
40607,no
40608,no
40609,yes
40610,yes
40611,no
40612,no
40613,no
40614,no
40615,no
40616,no
40617,no
40618,yes
40619,no
40620,no
40621,no
40622,no
40623,no
40624,no
40625,no
40626,no
40627,no
40628,no
40629,no
40630,yes
40631,yes
40632,no
40633,no
40634,no
40635,no
40636,no
40637,no
40638,no
40639,no
40640,no
40641,no
40642,no
40643,no
40644,no
40645,no
40646,no
40647,no
40648,no
40649,no
40650,no
40651,no
40652,no
40653,no
40654,no
40655,no
40656,no
40657,no
40658,yes
40659,no
40660,no
40661,no
40662,no
40663,no
40664,no
40665,no
40666,no
40667,no
40668,no
40669,no
40670,no
40671,no
40672,yes
40673,no
40674,no
40675,yes
40676,no
40677,no
40678,no
40679,no
40680,no
40681,no
40682,no
40683,no
40684,no
40685,no
40686,no
40687,no
40688,no
40689,no
40690,no
40691,no
40692,no
40693,no
40694,no
40695,no
40696,no
40697,no
40698,no
40699,no
40700,no
40701,no
40702,no
40703,no
40704,no
40705,no
40706,no
40707,no
40708,no
40709,no
40710,no
40711,no
40712,no
40713,no
40714,no
40715,no
40716,no
40717,no
40718,no
40719,no
40720,no
40721,no
40722,no
40723,no
40724,no
40725,no
40726,no
40727,no
40728,no
40729,no
40730,no
40731,no
40732,no
40733,no
40734,no
40735,no
40736,no
40737,no
40738,no
40739,yes
40740,no
40741,no
40742,no
40743,no
40744,no
40745,no
40746,no
40747,no
40748,no
40749,no
40750,no
40751,no
40752,no
40753,yes
40754,no
40755,no
40756,no
40757,no
40758,no
40759,no
40760,yes
40761,no
40762,no
40763,no
40764,no
40765,no
40766,no
40767,no
40768,no
40769,no
40770,no
40771,no
40772,no
40773,no
40774,no
40775,no
40776,no
40777,no
40778,no
40779,no
40780,no
40781,no
40782,no
40783,no
40784,no
40785,no
40786,no
40787,no
40788,no
40789,no
40790,no
40791,no
40792,no
40793,no
40794,no
40795,no
40796,no
40797,no
40798,no
40799,no
40800,no
40801,no
40802,no
40803,no
40804,no
40805,no
40806,no
40807,yes
40808,no
40809,no
40810,no
40811,no
40812,no
40813,no
40814,no
40815,no
40816,no
40817,no
40818,no
40819,no
40820,no
40821,no
40822,no
40823,no
40824,no
40825,no
40826,no
40827,no
40828,yes
40829,no
40830,no
40831,no
40832,no
40833,no
40834,no
40835,no
40836,no
40837,no
40838,no
40839,no
40840,no
40841,no
40842,no
40843,no
40844,no
40845,no
40846,no
40847,no
40848,no
40849,no
40850,no
40851,yes
40852,no
40853,no
40854,yes
40855,no
40856,no
40857,no
40858,no
40859,no
40860,no
40861,no
40862,yes
40863,no
40864,no
40865,no
40866,no
40867,no
40868,yes
40869,no
40870,no
40871,no
40872,no
40873,no
40874,no
40875,no
40876,yes
40877,no
40878,no
40879,no
40880,no
40881,no
40882,no
40883,no
40884,no
40885,no
40886,no
40887,no
40888,no
40889,no
40890,no
40891,no
40892,no
40893,no
40894,no
40895,no
40896,no
40897,no
40898,no
40899,no
40900,no
40901,no
40902,no
40903,no
40904,no
40905,no
40906,no
40907,yes
40908,no
40909,no
40910,no
40911,no
40912,no
40913,no
40914,no
40915,no
40916,no
40917,no
40918,no
40919,no
40920,no
40921,no
40922,no
40923,no
40924,no
40925,no
40926,no
40927,no
40928,no
40929,no
40930,no
40931,no
40932,no
40933,no
40934,no
40935,no
40936,no
40937,no
40938,no
40939,no
40940,no
40941,no
40942,no
40943,no
40944,no
40945,no
40946,no
40947,no
40948,no
40949,no
40950,no
40951,no
40952,no
40953,no
40954,no
40955,no
40956,no
40957,yes
40958,no
40959,no
40960,no
40961,no
40962,no
40963,no
40964,no
40965,no
40966,no
40967,yes
40968,no
40969,no
40970,no
40971,no
40972,no
40973,yes
40974,no
40975,no
40976,no
40977,no
40978,no
40979,no
40980,no
40981,no
40982,no
40983,no
40984,no
40985,no
40986,no
40987,no
40988,no
40989,no
40990,no
40991,no
40992,no
40993,no
40994,no
40995,no
40996,no
40997,no
40998,no
40999,no
41000,no
41001,no
41002,no
41003,no
41004,no
41005,no
41006,no
41007,no
41008,no
41009,no
41010,no
41011,no
41012,no
41013,no
41014,yes
41015,no
41016,no
41017,no
41018,no
41019,no
41020,no
41021,no
41022,no
41023,no
41024,no
41025,no
41026,no
41027,no
41028,no
41029,no
41030,no
41031,no
41032,yes
41033,no
41034,no
41035,no
41036,no
41037,no
41038,no
41039,no
41040,no
41041,no
41042,no
41043,no
41044,no
41045,no
41046,no
41047,no
41048,no
41049,no
41050,no
41051,no
41052,yes
41053,no
41054,no
41055,no
41056,no
41057,no
41058,no
41059,no
41060,no
41061,no
41062,no
41063,no
41064,no
41065,no
41066,no
41067,no
41068,no
41069,no
41070,no
41071,no
41072,no
41073,no
41074,no
41075,no
41076,no
41077,no
41078,no
41079,no
41080,no
41081,no
41082,no
41083,no
41084,no
41085,no
41086,no
41087,no
41088,no
41089,no
41090,no
41091,no
41092,no
41093,no
41094,no
41095,no
41096,no
41097,no
41098,no
41099,no
41100,no
41101,no
41102,no
41103,no
41104,no
41105,no
41106,no
41107,no
41108,no
41109,no
41110,no
41111,no
41112,no
41113,no
41114,no
41115,no
41116,no
41117,no
41118,no
41119,no
41120,no
41121,yes
41122,no
41123,no
41124,no
41125,no
41126,no
41127,no
41128,no
41129,no
41130,no
41131,no
41132,no
41133,no
41134,no
41135,no
41136,no
41137,no
41138,no
41139,no
41140,no
41141,no
41142,no
41143,no
41144,no
41145,no
41146,no
41147,no
41148,no
41149,no
41150,no
41151,no
41152,no
41153,no
41154,no
41155,no
41156,no
41157,no
41158,no
41159,yes
41160,no
41161,no
41162,yes
41163,no
41164,no
41165,no
41166,no
41167,no
41168,no
41169,no
41170,no
41171,no
41172,no
41173,no
41174,no
41175,no
41176,no
41177,no
41178,no
41179,no
41180,no
41181,no
41182,no
41183,no
41184,no
41185,no
41186,no
41187,yes
41188,no
41189,no
41190,no
41191,no
41192,no
41193,no
41194,no
41195,no
41196,no
41197,no
41198,no
41199,no
41200,no
41201,no
41202,no
41203,no
41204,no
41205,no
41206,no
41207,no
41208,no
41209,no
41210,no
41211,no
41212,no
41213,no
41214,no
41215,no
41216,no
41217,no
41218,no
41219,no
41220,no
41221,no
41222,no
41223,no
41224,no
41225,no
41226,no
41227,no
41228,yes
41229,no
41230,no
41231,no
41232,no
41233,no
41234,no
41235,no
41236,no
41237,no
41238,no
41239,no
41240,yes
41241,yes
41242,no
41243,no
41244,no
41245,no
41246,no
41247,no
41248,no
41249,no
41250,no
41251,no
41252,no
41253,no
41254,no
41255,no
41256,no
41257,no
41258,no
41259,no
41260,no
41261,no
41262,no
41263,no
41264,no
41265,no
41266,no
41267,no
41268,no
41269,no
41270,no
41271,no
41272,no
41273,no
41274,no
41275,no
41276,no
41277,no
41278,no
41279,no
41280,no
41281,no
41282,no
41283,no
41284,no
41285,no
41286,no
41287,no
41288,no
41289,no
41290,no
41291,no
41292,no
41293,no
41294,no
41295,no
41296,no
41297,no
41298,no
41299,no
41300,no
41301,no
41302,no
41303,yes
41304,no
41305,no
41306,no
41307,no
41308,no
41309,no
41310,no
41311,no
41312,no
41313,no
41314,no
41315,no
41316,no
41317,no
41318,no
41319,no
41320,no
41321,no
41322,no
41323,no
41324,no
41325,no
41326,no
41327,no
41328,no
41329,no
41330,no
41331,no
41332,no
41333,no
41334,no
41335,no
41336,no
41337,no
41338,no
41339,no
41340,no
41341,no
41342,no
41343,no
41344,no
41345,no
41346,no
41347,no
41348,no
41349,no
41350,no
41351,no
41352,no
41353,no
41354,no
41355,no
41356,no
41357,no
41358,no
41359,no
41360,no
41361,no
41362,no
41363,no
41364,no
41365,no
41366,no
41367,no
41368,no
41369,no
41370,no
41371,no
41372,no
41373,no
41374,no
41375,no
41376,no
41377,no
41378,no
41379,no
41380,no
41381,no
41382,no
41383,no
41384,no
41385,no
41386,no
41387,no
41388,no
41389,no
41390,no
41391,no
41392,no
41393,no
41394,no
41395,no
41396,no
41397,no
41398,no
41399,no
41400,no
41401,no
41402,no
41403,yes
41404,no
41405,yes
41406,no
41407,no
41408,no
41409,no
41410,no
41411,no
41412,no
41413,no
41414,no
41415,no
41416,yes
41417,no
41418,no
41419,no
41420,yes
41421,no
41422,no
41423,no
41424,no
41425,no
41426,no
41427,no
41428,no
41429,no
41430,no
41431,no
41432,no
41433,no
41434,no
41435,no
41436,yes
41437,yes
41438,no
41439,no
41440,no
41441,no
41442,no
41443,no
41444,no
41445,no
41446,no
41447,no
41448,no
41449,no
41450,no
41451,no
41452,no
41453,no
41454,no
41455,no
41456,no
41457,no
41458,no
41459,no
41460,no
41461,no
41462,no
41463,no
41464,no
41465,no
41466,no
41467,no
41468,no
41469,no
41470,no
41471,no
41472,no
41473,yes
41474,no
41475,yes
41476,no
41477,no
41478,no
41479,no
41480,no
41481,no
41482,yes
41483,no
41484,no
41485,no
41486,no
41487,no
41488,no
41489,no
41490,no
41491,no
41492,no
41493,no
41494,no
41495,no
41496,no
41497,no
41498,no
41499,no
41500,no
41501,no
41502,no
41503,no
41504,no
41505,no
41506,no
41507,no
41508,no
41509,no
41510,no
41511,no
41512,no
41513,no
41514,no
41515,no
41516,no
41517,no
41518,no
41519,no
41520,no
41521,no
41522,no
41523,no
41524,no
41525,no
41526,no
41527,no
41528,no
41529,no
41530,no
41531,no
41532,no
41533,no
41534,no
41535,no
41536,no
41537,no
41538,no
41539,no
41540,no
41541,no
41542,no
41543,no
41544,no
41545,no
41546,no
41547,no
41548,no
41549,no
41550,no
41551,no
41552,no
41553,no
41554,no
41555,no
41556,no
41557,no
41558,no
41559,no
41560,no
41561,no
41562,no
41563,no
41564,no
41565,no
41566,no
41567,no
41568,no
41569,yes
41570,no
41571,no
41572,no
41573,no
41574,yes
41575,no
41576,no
41577,no
41578,no
41579,yes
41580,no
41581,no
41582,no
41583,no
41584,no
41585,yes
41586,no
41587,no
41588,yes
41589,no
41590,no
41591,no
41592,no
41593,no
41594,yes
41595,no
41596,no
41597,no
41598,no
41599,no
41600,no
41601,no
41602,no
41603,no
41604,no
41605,yes
41606,no
41607,no
41608,yes
41609,yes
41610,no
41611,no
41612,no
41613,no
41614,no
41615,no
41616,yes
41617,yes
41618,no
41619,no
41620,no
41621,no
41622,no
41623,no
41624,no
41625,no
41626,no
41627,yes
41628,no
41629,no
41630,no
41631,no
41632,no
41633,no
41634,no
41635,no
41636,no
41637,no
41638,no
41639,no
41640,no
41641,no
41642,no
41643,no
41644,no
41645,no
41646,no
41647,no
41648,no
41649,no
41650,no
41651,no
41652,no
41653,yes
41654,no
41655,yes
41656,no
41657,yes
41658,yes
41659,yes
41660,no
41661,yes
41662,yes
41663,yes
41664,yes
41665,yes
41666,yes
41667,yes
41668,yes
41669,yes
41670,yes
41671,yes
41672,no
41673,no
41674,yes
41675,no
41676,no
41677,no
41678,yes
41679,yes
41680,yes
41681,yes
41682,yes
41683,yes
41684,no
41685,yes
41686,no
41687,yes
41688,no
41689,no
41690,yes
41691,no
41692,no
41693,yes
41694,yes
41695,yes
41696,yes
41697,no
41698,yes
41699,no
41700,yes
41701,yes
41702,yes
41703,yes
41704,yes
41705,yes
41706,no
41707,yes
41708,yes
41709,no
41710,yes
41711,yes
41712,yes
41713,yes
41714,yes
41715,yes
41716,no
41717,yes
41718,yes
41719,no
41720,no
41721,yes
41722,yes
41723,yes
41724,yes
41725,no
41726,yes
41727,no
41728,yes
41729,yes
41730,yes
41731,yes
41732,yes
41733,yes
41734,no
41735,no
41736,yes
41737,yes
41738,yes
41739,yes
41740,yes
41741,yes
41742,yes
41743,yes
41744,yes
41745,yes
41746,no
41747,yes
41748,yes
41749,yes
41750,yes
41751,yes
41752,yes
41753,yes
41754,yes
41755,yes
41756,no
41757,no
41758,no
41759,no
41760,yes
41761,yes
41762,no
41763,yes
41764,no
41765,no
41766,no
41767,yes
41768,no
41769,no
41770,yes
41771,no
41772,yes
41773,yes
41774,yes
41775,yes
41776,yes
41777,yes
41778,yes
41779,yes
41780,yes
41781,yes
41782,yes
41783,no
41784,yes
41785,yes
41786,yes
41787,yes
41788,yes
41789,yes
41790,yes
41791,no
41792,yes
41793,yes
41794,yes
41795,no
41796,yes
41797,yes
41798,yes
41799,yes
41800,no
41801,no
41802,yes
41803,no
41804,yes
41805,no
41806,yes
41807,no
41808,yes
41809,yes
41810,yes
41811,yes
41812,yes
41813,no
41814,no
41815,yes
41816,yes
41817,no
41818,yes
41819,yes
41820,yes
41821,yes
41822,yes
41823,yes
41824,no
41825,yes
41826,yes
41827,no
41828,yes
41829,yes
41830,yes
41831,yes
41832,yes
41833,yes
41834,yes
41835,yes
41836,yes
41837,yes
41838,yes
41839,yes
41840,yes
41841,yes
41842,yes
41843,yes
41844,yes
41845,no
41846,yes
41847,yes
41848,yes
41849,yes
41850,yes
41851,yes
41852,yes
41853,no
41854,yes
41855,yes
41856,yes
41857,yes
41858,yes
41859,yes
41860,yes
41861,yes
41862,yes
41863,yes
41864,no
41865,yes
41866,yes
41867,yes
41868,yes
41869,yes
41870,yes
41871,yes
41872,no
41873,yes
41874,yes
41875,yes
41876,no
41877,yes
41878,yes
41879,yes
41880,yes
41881,no
41882,yes
41883,yes
41884,yes
41885,yes
41886,yes
41887,no
41888,no
41889,yes
41890,yes
41891,yes
41892,yes
41893,yes
41894,yes
41895,yes
41896,no
41897,yes
41898,no
41899,yes
41900,yes
41901,yes
41902,yes
41903,yes
41904,yes
41905,yes
41906,yes
41907,yes
41908,no
41909,yes
41910,yes
41911,yes
41912,yes
41913,yes
41914,yes
41915,yes
41916,yes
41917,yes
41918,yes
41919,yes
41920,yes
41921,yes
41922,yes
41923,yes
41924,yes
41925,yes
41926,yes
41927,yes
41928,yes
41929,yes
41930,yes
41931,yes
41932,yes
41933,yes
41934,yes
41935,yes
41936,yes
41937,yes
41938,yes
41939,yes
41940,yes
41941,yes
41942,yes
41943,yes
41944,yes
41945,yes
41946,yes
41947,yes
41948,yes
41949,no
41950,no
41951,yes
41952,no
41953,yes
41954,yes
41955,yes
41956,yes
41957,yes
41958,yes
41959,yes
41960,yes
41961,yes
41962,yes
41963,yes
41964,no
41965,yes
41966,no
41967,yes
41968,no
41969,yes
41970,no
41971,yes
41972,no
41973,yes
41974,no
41975,yes
41976,no
41977,no
41978,no
41979,yes
41980,yes
41981,yes
41982,yes
41983,no
41984,yes
41985,yes
41986,no
41987,yes
41988,no
41989,no
41990,no
41991,yes
41992,yes
41993,yes
41994,no
41995,yes
41996,yes
41997,no
41998,no
41999,yes
42000,yes
42001,yes
42002,yes
42003,yes
42004,yes
42005,yes
42006,yes
42007,yes
42008,yes
42009,yes
42010,yes
42011,no
42012,yes
42013,yes
42014,yes
42015,yes
42016,yes
42017,yes
42018,no
42019,yes
42020,no
42021,yes
42022,yes
42023,no
42024,yes
42025,yes
42026,yes
42027,yes
42028,yes
42029,yes
42030,yes
42031,yes
42032,yes
42033,yes
42034,yes
42035,yes
42036,no
42037,yes
42038,yes
42039,yes
42040,yes
42041,yes
42042,yes
42043,yes
42044,yes
42045,yes
42046,yes
42047,yes
42048,no
42049,yes
42050,yes
42051,yes
42052,yes
42053,yes
42054,yes
42055,yes
42056,yes
42057,no
42058,yes
42059,yes
42060,yes
42061,no
42062,yes
42063,yes
42064,yes
42065,yes
42066,no
42067,yes
42068,yes
42069,yes
42070,no
42071,yes
42072,yes
42073,yes
42074,no
42075,yes
42076,yes
42077,no
42078,yes
42079,yes
42080,yes
42081,yes
42082,yes
42083,yes
42084,yes
42085,yes
42086,yes
42087,yes
42088,yes
42089,yes
42090,yes
42091,yes
42092,yes
42093,no
42094,no
42095,no
42096,no
42097,no
42098,no
42099,no
42100,no
42101,no
42102,no
42103,no
42104,no
42105,no
42106,no
42107,no
42108,no
42109,no
42110,no
42111,no
42112,no
42113,no
42114,no
42115,no
42116,no
42117,no
42118,no
42119,no
42120,no
42121,no
42122,no
42123,no
42124,no
42125,no
42126,yes
42127,no
42128,no
42129,no
42130,no
42131,no
42132,no
42133,no
42134,no
42135,no
42136,no
42137,no
42138,no
42139,no
42140,no
42141,no
42142,no
42143,no
42144,no
42145,no
42146,no
42147,no
42148,no
42149,no
42150,no
42151,no
42152,no
42153,no
42154,no
42155,no
42156,no
42157,no
42158,no
42159,no
42160,no
42161,no
42162,no
42163,no
42164,no
42165,no
42166,no
42167,no
42168,no
42169,no
42170,no
42171,no
42172,no
42173,no
42174,no
42175,no
42176,no
42177,no
42178,yes
42179,no
42180,no
42181,no
42182,no
42183,no
42184,no
42185,no
42186,no
42187,no
42188,no
42189,no
42190,no
42191,no
42192,no
42193,no
42194,no
42195,no
42196,no
42197,no
42198,no
42199,no
42200,no
42201,yes
42202,no
42203,no
42204,no
42205,no
42206,no
42207,no
42208,no
42209,no
42210,no
42211,no
42212,no
42213,no
42214,no
42215,no
42216,no
42217,no
42218,no
42219,no
42220,no
42221,no
42222,no
42223,no
42224,no
42225,no
42226,no
42227,yes
42228,no
42229,no
42230,no
42231,no
42232,no
42233,no
42234,no
42235,no
42236,no
42237,no
42238,no
42239,no
42240,no
42241,no
42242,no
42243,no
42244,no
42245,no
42246,no
42247,no
42248,no
42249,no
42250,no
42251,no
42252,no
42253,no
42254,no
42255,no
42256,yes
42257,yes
42258,no
42259,no
42260,no
42261,no
42262,no
42263,no
42264,no
42265,yes
42266,no
42267,no
42268,no
42269,no
42270,no
42271,no
42272,no
42273,no
42274,no
42275,yes
42276,no
42277,no
42278,no
42279,no
42280,no
42281,no
42282,no
42283,no
42284,no
42285,no
42286,no
42287,no
42288,no
42289,no
42290,no
42291,no
42292,no
42293,yes
42294,no
42295,no
42296,no
42297,no
42298,no
42299,no
42300,no
42301,no
42302,no
42303,no
42304,no
42305,no
42306,no
42307,no
42308,no
42309,no
42310,no
42311,no
42312,no
42313,no
42314,no
42315,no
42316,no
42317,no
42318,no
42319,no
42320,no
42321,no
42322,no
42323,yes
42324,no
42325,yes
42326,no
42327,no
42328,no
42329,no
42330,no
42331,no
42332,no
42333,no
42334,no
42335,no
42336,no
42337,no
42338,no
42339,no
42340,no
42341,no
42342,no
42343,no
42344,no
42345,no
42346,no
42347,no
42348,yes
42349,no
42350,no
42351,no
42352,no
42353,no
42354,yes
42355,no
42356,no
42357,no
42358,no
42359,no
42360,no
42361,no
42362,no
42363,no
42364,no
42365,no
42366,no
42367,no
42368,no
42369,no
42370,no
42371,no
42372,no
42373,no
42374,no
42375,no
42376,no
42377,no
42378,yes
42379,no
42380,no
42381,no
42382,no
42383,no
42384,no
42385,no
42386,no
42387,no
42388,no
42389,no
42390,no
42391,no
42392,no
42393,no
42394,no
42395,no
42396,no
42397,no
42398,no
42399,no
42400,no
42401,no
42402,yes
42403,no
42404,no
42405,no
42406,no
42407,no
42408,no
42409,no
42410,no
42411,yes
42412,no
42413,yes
42414,no
42415,no
42416,no
42417,no
42418,no
42419,yes
42420,yes
42421,no
42422,no
42423,no
42424,yes
42425,no
42426,no
42427,no
42428,no
42429,no
42430,no
42431,no
42432,no
42433,no
42434,no
42435,no
42436,no
42437,no
42438,no
42439,no
42440,no
42441,no
42442,no
42443,no
42444,no
42445,no
42446,no
42447,no
42448,yes
42449,no
42450,no
42451,no
42452,no
42453,no
42454,no
42455,no
42456,no
42457,yes
42458,no
42459,no
42460,no
42461,no
42462,yes
42463,no
42464,no
42465,no
42466,no
42467,no
42468,no
42469,no
42470,no
42471,no
42472,yes
42473,no
42474,yes
42475,no
42476,no
42477,yes
42478,no
42479,yes
42480,no
42481,no
42482,no
42483,no
42484,no
42485,no
42486,no
42487,no
42488,no
42489,no
42490,no
42491,no
42492,no
42493,no
42494,no
42495,no
42496,no
42497,no
42498,no
42499,no
42500,no
42501,no
42502,no
42503,no
42504,no
42505,no
42506,no
42507,no
42508,no
42509,no
42510,no
42511,no
42512,no
42513,no
42514,no
42515,no
42516,no
42517,no
42518,no
42519,no
42520,no
42521,no
42522,no
42523,no
42524,no
42525,no
42526,no
42527,no
42528,no
42529,no
42530,no
42531,no
42532,no
42533,no
42534,yes
42535,no
42536,no
42537,no
42538,no
42539,no
42540,no
42541,no
42542,no
42543,no
42544,no
42545,no
42546,no
42547,no
42548,no
42549,no
42550,no
42551,no
42552,no
42553,yes
42554,no
42555,no
42556,no
42557,no
42558,no
42559,yes
42560,no
42561,no
42562,no
42563,no
42564,no
42565,no
42566,yes
42567,no
42568,no
42569,yes
42570,no
42571,no
42572,yes
42573,no
42574,no
42575,no
42576,no
42577,yes
42578,yes
42579,yes
42580,no
42581,no
42582,no
42583,no
42584,no
42585,no
42586,no
42587,no
42588,no
42589,no
42590,yes
42591,no
42592,no
42593,no
42594,no
42595,no
42596,no
42597,no
42598,no
42599,no
42600,no
42601,no
42602,no
42603,no
42604,no
42605,no
42606,no
42607,no
42608,no
42609,no
42610,no
42611,no
42612,no
42613,no
42614,no
42615,no
42616,no
42617,no
42618,no
42619,no
42620,no
42621,no
42622,no
42623,no
42624,no
42625,no
42626,no
42627,no
42628,no
42629,no
42630,no
42631,no
42632,no
42633,no
42634,no
42635,no
42636,no
42637,no
42638,no
42639,no
42640,no
42641,no
42642,no
42643,no
42644,no
42645,no
42646,no
42647,no
42648,no
42649,no
42650,no
42651,no
42652,no
42653,no
42654,no
42655,no
42656,no
42657,no
42658,no
42659,no
42660,no
42661,no
42662,no
42663,no
42664,no
42665,no
42666,no
42667,no
42668,no
42669,no
42670,no
42671,no
42672,no
42673,no
42674,no
42675,no
42676,no
42677,no
42678,no
42679,no
42680,no
42681,no
42682,no
42683,no
42684,no
42685,no
42686,no
42687,no
42688,yes
42689,no
42690,no
42691,no
42692,no
42693,no
42694,no
42695,no
42696,no
42697,no
42698,no
42699,no
42700,no
42701,no
42702,no
42703,no
42704,no
42705,no
42706,no
42707,no
42708,no
42709,no
42710,no
42711,no
42712,no
42713,no
42714,no
42715,no
42716,no
42717,no
42718,no
42719,no
42720,no
42721,no
42722,no
42723,no
42724,no
42725,no
42726,no
42727,no
42728,no
42729,no
42730,yes
42731,no
42732,no
42733,yes
42734,no
42735,no
42736,no
42737,no
42738,no
42739,no
42740,no
42741,no
42742,no
42743,no
42744,no
42745,no
42746,no
42747,no
42748,no
42749,no
42750,no
42751,no
42752,no
42753,no
42754,no
42755,no
42756,no
42757,no
42758,no
42759,no
42760,no
42761,no
42762,no
42763,yes
42764,no
42765,no
42766,no
42767,no
42768,no
42769,no
42770,no
42771,no
42772,no
42773,no
42774,no
42775,no
42776,no
42777,no
42778,no
42779,no
42780,no
42781,no
42782,no
42783,no
42784,no
42785,no
42786,no
42787,no
42788,no
42789,no
42790,no
42791,no
42792,no
42793,no
42794,no
42795,no
42796,no
42797,no
42798,no
42799,no
42800,no
42801,no
42802,no
42803,no
42804,no
42805,no
42806,no
42807,no
42808,no
42809,no
42810,no
42811,no
42812,no
42813,no
42814,no
42815,no
42816,no
42817,no
42818,no
42819,no
42820,no
42821,no
42822,no
42823,no
42824,no
42825,no
42826,no
42827,no
42828,no
42829,no
42830,no
42831,no
42832,no
42833,no
42834,no
42835,no
42836,no
42837,no
42838,no
42839,no
42840,no
42841,no
42842,no
42843,no
42844,no
42845,no
42846,no
42847,no
42848,no
42849,no
42850,no
42851,no
42852,no
42853,no
42854,no
42855,no
42856,no
42857,no
42858,no
42859,yes
42860,no
42861,no
42862,no
42863,no
42864,no
42865,no
42866,no
42867,no
42868,no
42869,no
42870,no
42871,yes
42872,no
42873,no
42874,no
42875,no
42876,no
42877,no
42878,no
42879,no
42880,no
42881,no
42882,no
42883,no
42884,no
42885,no
42886,no
42887,no
42888,no
42889,yes
42890,no
42891,no
42892,no
42893,no
42894,no
42895,no
42896,no
42897,no
42898,yes
42899,no
42900,no
42901,no
42902,no
42903,no
42904,no
42905,no
42906,no
42907,no
42908,no
42909,no
42910,no
42911,no
42912,no
42913,no
42914,no
42915,no
42916,no
42917,no
42918,no
42919,no
42920,no
42921,no
42922,no
42923,no
42924,no
42925,no
42926,no
42927,no
42928,no
42929,no
42930,no
42931,no
42932,no
42933,no
42934,no
42935,yes
42936,no
42937,no
42938,no
42939,no
42940,no
42941,no
42942,no
42943,no
42944,no
42945,no
42946,no
42947,no
42948,no
42949,no
42950,no
42951,no
42952,no
42953,no
42954,no
42955,no
42956,no
42957,no
42958,yes
42959,no
42960,no
42961,no
42962,no
42963,no
42964,yes
42965,no
42966,no
42967,no
42968,no
42969,no
42970,no
42971,no
42972,no
42973,no
42974,no
42975,no
42976,no
42977,no
42978,no
42979,no
42980,no
42981,no
42982,no
42983,no
42984,no
42985,no
42986,yes
42987,no
42988,yes
42989,no
42990,no
42991,no
42992,no
42993,no
42994,no
42995,no
42996,no
42997,no
42998,no
42999,no
43000,no
43001,no
43002,no
43003,no
43004,no
43005,yes
43006,no
43007,yes
43008,no
43009,no
43010,no
43011,no
43012,no
43013,no
43014,no
43015,no
43016,yes
43017,no
43018,no
43019,no
43020,no
43021,no
43022,yes
43023,no
43024,no
43025,no
43026,no
43027,no
43028,no
43029,yes
43030,no
43031,no
43032,yes
43033,no
43034,no
43035,no
43036,no
43037,no
43038,no
43039,yes
43040,no
43041,no
43042,no
43043,no
43044,no
43045,no
43046,no
43047,no
43048,no
43049,no
43050,no
43051,no
43052,no
43053,no
43054,no
43055,no
43056,no
43057,no
43058,yes
43059,no
43060,no
43061,no
43062,no
43063,no
43064,no
43065,no
43066,yes
43067,no
43068,no
43069,no
43070,no
43071,no
43072,no
43073,no
43074,no
43075,no
43076,no
43077,no
43078,no
43079,no
43080,no
43081,no
43082,no
43083,no
43084,no
43085,no
43086,no
43087,no
43088,no
43089,no
43090,no
43091,no
43092,no
43093,no
43094,no
43095,no
43096,no
43097,no
43098,no
43099,no
43100,no
43101,no
43102,yes
43103,no
43104,no
43105,no
43106,no
43107,no
43108,no
43109,no
43110,no
43111,no
43112,no
43113,no
43114,no
43115,no
43116,no
43117,no
43118,no
43119,no
43120,no
43121,no
43122,no
43123,no
43124,no
43125,no
43126,no
43127,no
43128,no
43129,no
43130,no
43131,no
43132,no
43133,no
43134,no
43135,yes
43136,no
43137,no
43138,no
43139,yes
43140,no
43141,no
43142,yes
43143,no
43144,no
43145,no
43146,yes
43147,yes
43148,yes
43149,no
43150,no
43151,no
43152,no
43153,no
43154,no
43155,no
43156,no
43157,yes
43158,yes
43159,no
43160,no
43161,no
43162,no
43163,no
43164,yes
43165,no
43166,no
43167,no
43168,no
43169,no
43170,no
43171,no
43172,no
43173,yes
43174,yes
43175,yes
43176,no
43177,no
43178,yes
43179,yes
43180,no
43181,yes
43182,yes
43183,yes
43184,no
43185,yes
43186,yes
43187,yes
43188,no
43189,yes
43190,yes
43191,yes
43192,yes
43193,yes
43194,yes
43195,no
43196,yes
43197,yes
43198,no
43199,no
43200,yes
43201,yes
43202,no
43203,yes
43204,yes
43205,yes
43206,no
43207,yes
43208,yes
43209,no
43210,yes
43211,yes
43212,yes
43213,yes
43214,yes
43215,yes
43216,yes
43217,no
43218,yes
43219,yes
43220,yes
43221,yes
43222,no
43223,yes
43224,no
43225,no
43226,no
43227,yes
43228,yes
43229,no
43230,no
43231,yes
43232,yes
43233,yes
43234,no
43235,yes
43236,no
43237,yes
43238,yes
43239,yes
43240,no
43241,yes
43242,no
43243,yes
43244,yes
43245,yes
43246,no
43247,yes
43248,yes
43249,yes
43250,yes
43251,yes
43252,yes
43253,yes
43254,yes
43255,yes
43256,yes
43257,yes
43258,yes
43259,yes
43260,yes
43261,yes
43262,yes
43263,no
43264,no
43265,yes
43266,yes
43267,yes
43268,yes
43269,no
43270,no
43271,no
43272,no
43273,yes
43274,yes
43275,yes
43276,yes
43277,yes
43278,yes
43279,no
43280,no
43281,yes
43282,yes
43283,yes
43284,yes
43285,yes
43286,yes
43287,yes
43288,no
43289,no
43290,yes
43291,yes
43292,yes
43293,yes
43294,yes
43295,no
43296,yes
43297,yes
43298,yes
43299,no
43300,yes
43301,yes
43302,yes
43303,yes
43304,yes
43305,yes
43306,yes
43307,yes
43308,yes
43309,yes
43310,yes
43311,yes
43312,yes
43313,yes
43314,yes
43315,yes
43316,yes
43317,yes
43318,yes
43319,no
43320,yes
43321,no
43322,yes
43323,yes
43324,yes
43325,yes
43326,no
43327,yes
43328,yes
43329,yes
43330,yes
43331,yes
43332,no
43333,yes
43334,no
43335,yes
43336,yes
43337,yes
43338,yes
43339,yes
43340,yes
43341,yes
43342,yes
43343,yes
43344,no
43345,yes
43346,yes
43347,yes
43348,yes
43349,yes
43350,yes
43351,yes
43352,yes
43353,yes
43354,yes
43355,yes
43356,yes
43357,yes
43358,no
43359,no
43360,yes
43361,yes
43362,yes
43363,yes
43364,no
43365,yes
43366,no
43367,yes
43368,no
43369,yes
43370,yes
43371,no
43372,no
43373,yes
43374,yes
43375,no
43376,yes
43377,yes
43378,no
43379,yes
43380,yes
43381,no
43382,yes
43383,yes
43384,yes
43385,yes
43386,yes
43387,yes
43388,yes
43389,no
43390,no
43391,no
43392,yes
43393,yes
43394,no
43395,no
43396,no
43397,yes
43398,no
43399,no
43400,no
43401,yes
43402,yes
43403,no
43404,no
43405,no
43406,no
43407,no
43408,no
43409,yes
43410,no
43411,no
43412,no
43413,yes
43414,no
43415,yes
43416,no
43417,no
43418,no
43419,no
43420,no
43421,no
43422,no
43423,yes
43424,no
43425,no
43426,no
43427,no
43428,no
43429,no
43430,no
43431,yes
43432,yes
43433,yes
43434,no
43435,no
43436,no
43437,yes
43438,no
43439,no
43440,no
43441,no
43442,yes
43443,no
43444,yes
43445,yes
43446,yes
43447,no
43448,no
43449,yes
43450,no
43451,no
43452,no
43453,no
43454,no
43455,no
43456,no
43457,no
43458,no
43459,no
43460,yes
43461,no
43462,no
43463,yes
43464,yes
43465,no
43466,no
43467,yes
43468,no
43469,no
43470,no
43471,yes
43472,no
43473,no
43474,no
43475,yes
43476,no
43477,yes
43478,no
43479,yes
43480,no
43481,no
43482,yes
43483,no
43484,no
43485,no
43486,yes
43487,yes
43488,no
43489,no
43490,no
43491,no
43492,no
43493,no
43494,no
43495,no
43496,no
43497,no
43498,yes
43499,no
43500,no
43501,no
43502,no
43503,yes
43504,yes
43505,no
43506,no
43507,no
43508,no
43509,yes
43510,yes
43511,no
43512,yes
43513,yes
43514,no
43515,no
43516,yes
43517,yes
43518,no
43519,no
43520,no
43521,no
43522,no
43523,no
43524,yes
43525,no
43526,yes
43527,no
43528,no
43529,no
43530,no
43531,yes
43532,yes
43533,no
43534,no
43535,no
43536,no
43537,no
43538,yes
43539,no
43540,no
43541,yes
43542,no
43543,no
43544,yes
43545,no
43546,no
43547,yes
43548,no
43549,yes
43550,no
43551,no
43552,no
43553,no
43554,yes
43555,no
43556,no
43557,no
43558,no
43559,yes
43560,no
43561,yes
43562,no
43563,no
43564,no
43565,no
43566,no
43567,no
43568,no
43569,yes
43570,yes
43571,yes
43572,yes
43573,yes
43574,no
43575,no
43576,no
43577,no
43578,no
43579,yes
43580,no
43581,no
43582,no
43583,yes
43584,no
43585,no
43586,yes
43587,no
43588,yes
43589,yes
43590,no
43591,no
43592,no
43593,yes
43594,yes
43595,yes
43596,yes
43597,no
43598,no
43599,yes
43600,no
43601,no
43602,yes
43603,no
43604,no
43605,yes
43606,no
43607,no
43608,no
43609,no
43610,yes
43611,no
43612,no
43613,no
43614,yes
43615,yes
43616,no
43617,no
43618,no
43619,no
43620,no
43621,no
43622,no
43623,no
43624,no
43625,no
43626,no
43627,no
43628,no
43629,no
43630,no
43631,no
43632,no
43633,no
43634,no
43635,no
43636,no
43637,no
43638,no
43639,no
43640,no
43641,no
43642,yes
43643,no
43644,no
43645,no
43646,no
43647,no
43648,no
43649,no
43650,no
43651,no
43652,yes
43653,no
43654,no
43655,no
43656,no
43657,no
43658,no
43659,no
43660,no
43661,no
43662,no
43663,yes
43664,no
43665,no
43666,no
43667,no
43668,no
43669,yes
43670,no
43671,yes
43672,no
43673,no
43674,no
43675,no
43676,no
43677,no
43678,no
43679,no
43680,no
43681,no
43682,yes
43683,no
43684,yes
43685,no
43686,no
43687,no
43688,no
43689,no
43690,no
43691,no
43692,no
43693,no
43694,no
43695,no
43696,no
43697,no
43698,no
43699,no
43700,no
43701,no
43702,yes
43703,no
43704,no
43705,no
43706,no
43707,no
43708,yes
43709,no
43710,no
43711,no
43712,no
43713,no
43714,yes
43715,no
43716,no
43717,no
43718,no
43719,no
43720,yes
43721,yes
43722,yes
43723,no
43724,no
43725,no
43726,no
43727,no
43728,no
43729,no
43730,no
43731,yes
43732,no
43733,no
43734,no
43735,no
43736,no
43737,no
43738,no
43739,no
43740,no
43741,no
43742,no
43743,no
43744,no
43745,no
43746,no
43747,no
43748,no
43749,no
43750,no
43751,no
43752,no
43753,no
43754,no
43755,no
43756,no
43757,no
43758,no
43759,no
43760,no
43761,no
43762,no
43763,no
43764,no
43765,no
43766,no
43767,no
43768,no
43769,no
43770,no
43771,no
43772,no
43773,no
43774,no
43775,no
43776,no
43777,yes
43778,no
43779,no
43780,no
43781,no
43782,no
43783,no
43784,yes
43785,no
43786,no
43787,no
43788,no
43789,no
43790,no
43791,no
43792,no
43793,no
43794,no
43795,no
43796,no
43797,no
43798,no
43799,yes
43800,no
43801,no
43802,no
43803,no
43804,no
43805,no
43806,yes
43807,yes
43808,no
43809,no
43810,no
43811,no
43812,no
43813,no
43814,no
43815,no
43816,no
43817,no
43818,no
43819,no
43820,no
43821,no
43822,no
43823,no
43824,no
43825,no
43826,no
43827,no
43828,no
43829,yes
43830,no
43831,no
43832,yes
43833,no
43834,yes
43835,no
43836,no
43837,no
43838,no
43839,yes
43840,no
43841,no
43842,no
43843,no
43844,no
43845,no
43846,no
43847,no
43848,no
43849,no
43850,no
43851,no
43852,no
43853,no
43854,no
43855,no
43856,no
43857,no
43858,no
43859,no
43860,yes
43861,no
43862,no
43863,no
43864,no
43865,no
43866,no
43867,no
43868,no
43869,no
43870,no
43871,no
43872,no
43873,no
43874,no
43875,no
43876,no
43877,no
43878,no
43879,no
43880,no
43881,no
43882,no
43883,no
43884,no
43885,no
43886,no
43887,no
43888,no
43889,no
43890,no
43891,no
43892,no
43893,no
43894,no
43895,no
43896,no
43897,no
43898,no
43899,no
43900,no
43901,yes
43902,no
43903,no
43904,no
43905,no
43906,no
43907,no
43908,yes
43909,yes
43910,no
43911,no
43912,yes
43913,no
43914,no
43915,no
43916,no
43917,no
43918,no
43919,no
43920,no
43921,no
43922,no
43923,no
43924,yes
43925,no
43926,yes
43927,no
43928,no
43929,no
43930,no
43931,no
43932,no
43933,no
43934,no
43935,no
43936,no
43937,no
43938,no
43939,no
43940,no
43941,no
43942,yes
43943,no
43944,no
43945,no
43946,no
43947,no
43948,no
43949,no
43950,no
43951,no
43952,no
43953,no
43954,no
43955,no
43956,no
43957,no
43958,no
43959,no
43960,no
43961,yes
43962,yes
43963,no
43964,no
43965,yes
43966,no
43967,yes
43968,no
43969,no
43970,no
43971,no
43972,yes
43973,yes
43974,no
43975,no
43976,no
43977,no
43978,no
43979,no
43980,no
43981,no
43982,no
43983,no
43984,no
43985,no
43986,no
43987,no
43988,no
43989,no
43990,no
43991,no
43992,no
43993,no
43994,no
43995,no
43996,no
43997,no
43998,no
43999,no
44000,no
44001,no
44002,no
44003,no
44004,yes
44005,no
44006,no
44007,no
44008,no
44009,no
44010,no
44011,no
44012,no
44013,no
44014,no
44015,no
44016,no
44017,no
44018,no
44019,no
44020,no
44021,no
44022,no
44023,no
44024,no
44025,no
44026,no
44027,no
44028,no
44029,yes
44030,no
44031,no
44032,no
44033,no
44034,no
44035,no
44036,no
44037,no
44038,no
44039,no
44040,no
44041,no
44042,no
44043,no
44044,no
44045,no
44046,no
44047,no
44048,no
44049,no
44050,no
44051,no
44052,no
44053,no
44054,no
44055,no
44056,yes
44057,yes
44058,no
44059,no
44060,yes
44061,no
44062,no
44063,no
44064,no
44065,no
44066,yes
44067,yes
44068,no
44069,no
44070,yes
44071,no
44072,no
44073,no
44074,no
44075,no
44076,no
44077,no
44078,no
44079,no
44080,no
44081,no
44082,no
44083,no
44084,no
44085,no
44086,no
44087,no
44088,no
44089,no
44090,no
44091,no
44092,no
44093,no
44094,no
44095,no
44096,no
44097,no
44098,no
44099,no
44100,no
44101,no
44102,no
44103,yes
44104,no
44105,no
44106,no
44107,no
44108,yes
44109,no
44110,no
44111,no
44112,no
44113,no
44114,no
44115,no
44116,no
44117,no
44118,yes
44119,no
44120,no
44121,no
44122,no
44123,no
44124,no
44125,no
44126,no
44127,no
44128,no
44129,no
44130,no
44131,no
44132,no
44133,no
44134,no
44135,no
44136,no
44137,no
44138,yes
44139,no
44140,no
44141,no
44142,no
44143,no
44144,no
44145,no
44146,no
44147,no
44148,no
44149,no
44150,no
44151,yes
44152,no
44153,no
44154,no
44155,no
44156,no
44157,no
44158,no
44159,no
44160,no
44161,no
44162,yes
44163,no
44164,no
44165,yes
44166,no
44167,no
44168,no
44169,no
44170,no
44171,no
44172,no
44173,no
44174,no
44175,no
44176,no
44177,no
44178,yes
44179,no
44180,no
44181,no
44182,no
44183,no
44184,no
44185,no
44186,no
44187,yes
44188,no
44189,no
44190,no
44191,no
44192,no
44193,no
44194,no
44195,no
44196,no
44197,no
44198,no
44199,no
44200,no
44201,yes
44202,no
44203,no
44204,no
44205,yes
44206,no
44207,no
44208,no
44209,no
44210,no
44211,no
44212,no
44213,no
44214,no
44215,yes
44216,no
44217,no
44218,no
44219,no
44220,no
44221,no
44222,no
44223,no
44224,no
44225,no
44226,yes
44227,no
44228,no
44229,no
44230,no
44231,no
44232,no
44233,no
44234,no
44235,no
44236,no
44237,no
44238,no
44239,no
44240,no
44241,no
44242,no
44243,no
44244,no
44245,yes
44246,no
44247,no
44248,no
44249,no
44250,yes
44251,no
44252,no
44253,yes
44254,no
44255,yes
44256,no
44257,no
44258,no
44259,no
44260,no
44261,no
44262,yes
44263,no
44264,no
44265,yes
44266,no
44267,no
44268,no
44269,yes
44270,no
44271,no
44272,no
44273,no
44274,no
44275,no
44276,no
44277,no
44278,no
44279,no
44280,no
44281,no
44282,no
44283,no
44284,no
44285,no
44286,yes
44287,no
44288,no
44289,no
44290,no
44291,no
44292,no
44293,no
44294,no
44295,no
44296,no
44297,yes
44298,no
44299,no
44300,no
44301,no
44302,no
44303,no
44304,no
44305,no
44306,no
44307,no
44308,no
44309,no
44310,no
44311,no
44312,no
44313,no
44314,no
44315,no
44316,yes
44317,no
44318,no
44319,no
44320,no
44321,yes
44322,no
44323,no
44324,no
44325,no
44326,no
44327,no
44328,no
44329,no
44330,no
44331,no
44332,no
44333,yes
44334,yes
44335,no
44336,no
44337,no
44338,no
44339,yes
44340,no
44341,no
44342,no
44343,no
44344,no
44345,no
44346,no
44347,no
44348,no
44349,yes
44350,no
44351,no
44352,yes
44353,no
44354,no
44355,no
44356,no
44357,no
44358,no
44359,no
44360,no
44361,no
44362,no
44363,no
44364,yes
44365,no
44366,no
44367,no
44368,no
44369,no
44370,no
44371,no
44372,no
44373,no
44374,no
44375,no
44376,no
44377,no
44378,no
44379,no
44380,no
44381,no
44382,no
44383,no
44384,no
44385,no
44386,no
44387,no
44388,no
44389,no
44390,no
44391,no
44392,no
44393,no
44394,no
44395,no
44396,no
44397,no
44398,no
44399,no
44400,yes
44401,no
44402,no
44403,yes
44404,no
44405,no
44406,no
44407,no
44408,no
44409,no
44410,no
44411,no
44412,no
44413,no
44414,yes
44415,no
44416,no
44417,no
44418,yes
44419,no
44420,yes
44421,no
44422,no
44423,no
44424,no
44425,no
44426,yes
44427,no
44428,no
44429,no
44430,no
44431,no
44432,no
44433,no
44434,no
44435,no
44436,yes
44437,no
44438,no
44439,no
44440,no
44441,no
44442,no
44443,no
44444,no
44445,no
44446,no
44447,no
44448,no
44449,no
44450,no
44451,no
44452,no
44453,no
44454,no
44455,no
44456,no
44457,no
44458,no
44459,no
44460,no
44461,no
44462,no
44463,no
44464,no
44465,no
44466,no
44467,no
44468,no
44469,no
44470,no
44471,no
44472,yes
44473,no
44474,no
44475,no
44476,no
44477,no
44478,no
44479,no
44480,no
44481,no
44482,no
44483,no
44484,no
44485,no
44486,no
44487,no
44488,no
44489,no
44490,no
44491,no
44492,no
44493,no
44494,no
44495,no
44496,no
44497,yes
44498,yes
44499,no
44500,yes
44501,yes
44502,no
44503,no
44504,no
44505,no
44506,no
44507,no
44508,no
44509,no
44510,yes
44511,no
44512,no
44513,yes
44514,no
44515,yes
44516,no
44517,no
44518,no
44519,no
44520,no
44521,no
44522,no
44523,no
44524,yes
44525,no
44526,no
44527,no
44528,no
44529,no
44530,no
44531,no
44532,no
44533,no
44534,no
44535,no
44536,no
44537,no
44538,no
44539,yes
44540,yes
44541,no
44542,no
44543,no
44544,no
44545,no
44546,no
44547,no
44548,no
44549,no
44550,no
44551,no
44552,no
44553,no
44554,no
44555,yes
44556,no
44557,no
44558,no
44559,no
44560,no
44561,no
44562,no
44563,no
44564,no
44565,no
44566,no
44567,no
44568,no
44569,no
44570,no
44571,no
44572,no
44573,no
44574,no
44575,no
44576,no
44577,no
44578,no
44579,no
44580,yes
44581,no
44582,no
44583,no
44584,no
44585,no
44586,no
44587,no
44588,no
44589,no
44590,no
44591,no
44592,no
44593,no
44594,no
44595,no
44596,no
44597,no
44598,no
44599,no
44600,no
44601,no
44602,yes
44603,no
44604,no
44605,no
44606,no
44607,no
44608,yes
44609,no
44610,no
44611,no
44612,no
44613,no
44614,no
44615,no
44616,no
44617,no
44618,no
44619,no
44620,yes
44621,no
44622,yes
44623,no
44624,no
44625,no
44626,no
44627,no
44628,no
44629,no
44630,no
44631,no
44632,no
44633,no
44634,no
44635,no
44636,no
44637,no
44638,no
44639,no
44640,no
44641,no
44642,no
44643,no
44644,no
44645,no
44646,no
44647,no
44648,no
44649,no
44650,no
44651,yes
44652,no
44653,no
44654,yes
44655,no
44656,no
44657,no
44658,no
44659,no
44660,no
44661,no
44662,no
44663,yes
44664,no
44665,no
44666,no
44667,no
44668,no
44669,no
44670,no
44671,no
44672,no
44673,no
44674,no
44675,no
44676,no
44677,no
44678,no
44679,no
44680,no
44681,no
44682,no
44683,no
44684,no
44685,no
44686,no
44687,no
44688,no
44689,no
44690,no
44691,no
44692,no
44693,no
44694,no
44695,no
44696,no
44697,no
44698,no
44699,no
44700,no
44701,no
44702,no
44703,yes
44704,no
44705,no
44706,no
44707,no
44708,no
44709,no
44710,no
44711,no
44712,no
44713,yes
44714,no
44715,no
44716,no
44717,no
44718,no
44719,no
44720,no
44721,no
44722,no
44723,no
44724,no
44725,yes
44726,no
44727,no
44728,no
44729,no
44730,no
44731,no
44732,no
44733,no
44734,no
44735,yes
44736,no
44737,no
44738,yes
44739,yes
44740,no
44741,no
44742,no
44743,no
44744,no
44745,no
44746,yes
44747,yes
44748,no
44749,no
44750,no
44751,no
44752,yes
44753,no
44754,no
44755,no
44756,no
44757,no
44758,no
44759,no
44760,yes
44761,no
44762,no
44763,no
44764,no
44765,no
44766,no
44767,no
44768,no
44769,no
44770,no
44771,no
44772,no
44773,no
44774,no
44775,no
44776,no
44777,yes
44778,no
44779,no
44780,no
44781,no
44782,no
44783,no
44784,no
44785,no
44786,no
44787,no
44788,no
44789,no
44790,no
44791,no
44792,no
44793,no
44794,no
44795,no
44796,no
44797,yes
44798,no
44799,no
44800,yes
44801,no
44802,no
44803,no
44804,no
44805,no
44806,no
44807,no
44808,no
44809,no
44810,no
44811,no
44812,no
44813,no
44814,no
44815,no
44816,no
44817,no
44818,no
44819,no
44820,no
44821,no
44822,no
44823,no
44824,yes
44825,no
44826,no
44827,no
44828,no
44829,no
44830,no
44831,no
44832,no
44833,no
44834,no
44835,no
44836,no
44837,no
44838,no
44839,no
44840,no
44841,no
44842,no
44843,no
44844,no
44845,no
44846,no
44847,no
44848,no
44849,no
44850,no
44851,no
44852,no
44853,no
44854,no
44855,no
44856,yes
44857,yes
44858,no
44859,no
44860,no
44861,no
44862,no
44863,no
44864,no
44865,no
44866,no
44867,no
44868,no
44869,no
44870,no
44871,no
44872,no
44873,no
44874,no
44875,no
44876,no
44877,no
44878,no
44879,no
44880,no
44881,no
44882,no
44883,no
44884,no
44885,no
44886,no
44887,no
44888,no
44889,no
44890,no
44891,no
44892,no
44893,no
44894,no
44895,no
44896,no
44897,no
44898,yes
44899,yes
44900,no
44901,no
44902,no
44903,no
44904,yes
44905,no
44906,no
44907,no
44908,no
44909,no
44910,no
44911,no
44912,yes
44913,no
44914,no
44915,no
44916,yes
44917,yes
44918,yes
44919,yes
44920,yes
44921,yes
44922,no
44923,no
44924,no
44925,no
44926,no
44927,no
44928,no
44929,no
44930,no
44931,yes
44932,yes
44933,yes
44934,yes
44935,yes
44936,yes
44937,yes
44938,yes
44939,yes
44940,yes
44941,yes
44942,yes
44943,no
44944,yes
44945,yes
44946,yes
44947,yes
44948,yes
44949,yes
44950,yes
44951,yes
44952,yes
44953,yes
44954,yes
44955,yes
44956,yes
44957,yes
44958,yes
44959,yes
44960,yes
44961,yes
44962,yes
44963,no
44964,no
44965,no
44966,yes
44967,yes
44968,yes
44969,yes
44970,yes
44971,yes
44972,yes
44973,yes
44974,yes
44975,yes
44976,yes
44977,yes
44978,yes
44979,yes
44980,yes
44981,yes
44982,yes
44983,no
44984,yes
44985,yes
44986,yes
44987,yes
44988,no
44989,no
44990,yes
44991,yes
44992,yes
44993,yes
44994,yes
44995,yes
44996,yes
44997,yes
44998,yes
44999,no
45000,no
45001,no
45002,yes
45003,yes
45004,yes
45005,yes
45006,yes
45007,yes
45008,yes
45009,no
45010,yes
45011,yes
45012,yes
45013,yes
45014,yes
45015,yes
45016,yes
45017,yes
45018,yes
45019,yes
45020,yes
45021,yes
45022,no
45023,yes
45024,yes
45025,yes
45026,yes
45027,no
45028,yes
45029,no
45030,no
45031,yes
45032,yes
45033,no
45034,yes
45035,yes
45036,yes
45037,yes
45038,yes
45039,yes
45040,yes
45041,yes
45042,yes
45043,yes
45044,yes
45045,yes
45046,yes
45047,yes
45048,yes
45049,yes
45050,yes
45051,yes
45052,yes
45053,yes
45054,yes
45055,yes
45056,yes
45057,yes
45058,yes
45059,yes
45060,yes
45061,no
45062,no
45063,yes
45064,yes
45065,yes
45066,yes
45067,yes
45068,yes
45069,yes
45070,yes
45071,yes
45072,yes
45073,yes
45074,yes
45075,yes
45076,yes
45077,yes
45078,yes
45079,yes
45080,yes
45081,yes
45082,no
45083,yes
45084,yes
45085,yes
45086,yes
45087,yes
45088,yes
45089,yes
45090,yes
45091,no
45092,yes
45093,yes
45094,yes
45095,no
45096,yes
45097,yes
45098,yes
45099,yes
45100,yes
45101,yes
45102,yes
45103,yes
45104,yes
45105,yes
45106,yes
45107,yes
45108,yes
45109,yes
45110,yes
45111,yes
45112,yes
45113,yes
45114,yes
45115,yes
45116,yes
45117,yes
45118,yes
45119,yes
45120,yes
45121,yes
45122,no
45123,yes
45124,no
45125,yes
45126,yes
45127,yes
45128,yes
45129,yes
45130,yes
45131,yes
45132,yes
45133,yes
45134,yes
45135,no
45136,no
45137,no
45138,no
45139,no
45140,no
45141,no
45142,no
45143,no
45144,no
45145,no
45146,no
45147,no
45148,no
45149,no
45150,no
45151,no
45152,no
45153,no
45154,no
45155,no
45156,no
45157,no
45158,no
45159,no
45160,yes
45161,no
45162,no
45163,no
45164,no
45165,no
45166,no
45167,no
45168,no
45169,no
45170,no
45171,no
45172,no
45173,no
45174,no
45175,no
45176,no
45177,yes
45178,no
45179,no
45180,no
45181,no
45182,no
45183,no
45184,no
45185,no
45186,no
45187,no
45188,no
45189,no
45190,no
45191,no
45192,no
45193,yes
45194,no
45195,no
45196,no
45197,no
45198,no
45199,yes
45200,yes
45201,no
45202,no
45203,no
45204,no
45205,no
45206,yes
45207,no
45208,yes
45209,no
45210,no
